,work_year,salary,experience_level,employment_type,job_title,salary_currency,employee_residence,company_location,company_size,salary_in_usd
0,2020,70000.0,2.0,2.0,22.0,7.0,14.0,12.0,0.0,68600.0
1,2020,260000.0,4.0,2.0,41.0,16.0,32.0,29.0,2.0,260000.0
2,2020,85000.0,4.0,2.0,7.0,8.0,20.0,18.0,1.0,94350.0
3,2020,20000.0,2.0,2.0,48.0,16.0,23.0,20.0,2.0,20000.0
4,2020,150000.0,4.0,2.0,38.0,16.0,56.0,49.0,0.0,150000.0
5,2020,72000.0,0.0,2.0,12.0,16.0,56.0,49.0,0.0,72000.0
6,2020,190000.0,4.0,2.0,34.0,16.0,56.0,49.0,2.0,190000.0
7,2020,11000000.0,3.0,2.0,22.0,9.0,25.0,22.0,0.0,25300.0
8,2020,135000.0,3.0,2.0,8.0,16.0,56.0,49.0,0.0,135000.0
9,2020,125000.0,4.0,2.0,33.0,16.0,42.0,39.0,2.0,125000.0
10,2020,45000.0,0.0,2.0,22.0,7.0,19.0,17.0,2.0,44100.0
11,2020,3000000.0,2.0,2.0,22.0,10.0,39.0,36.0,0.0,36000.0
12,2020,35000.0,0.0,2.0,22.0,7.0,19.0,17.0,1.0,34300.0
13,2020,87000.0,2.0,2.0,32.0,16.0,56.0,49.0,0.0,87000.0
14,2020,85000.0,2.0,3.0,43.0,16.0,56.0,49.0,0.0,85000.0
15,2020,324895.9305785124,2.0,3.0,12.0,16.0,44.0,40.0,0.0,324895.9305785124
16,2020,4450000.0,0.0,2.0,17.0,11.0,32.0,29.0,2.0,30705.0
17,2020,100000.0,4.0,2.0,7.0,7.0,45.0,18.0,2.0,98000.0
18,2020,423000.0,0.0,2.0,19.0,10.0,27.0,25.0,1.0,5076.0
19,2020,56000.0,2.0,2.0,33.0,16.0,47.0,49.0,1.0,56000.0
20,2020,299000.0,2.0,3.0,38.0,5.0,11.0,9.0,1.0,41860.0
21,2020,450000.0,2.0,2.0,48.0,10.0,27.0,25.0,0.0,5400.0
22,2020,42000.0,4.0,2.0,17.0,7.0,21.0,19.0,0.0,41160.0
23,2020,324895.9305785124,2.0,2.0,5.0,16.0,56.0,49.0,1.0,324895.9305785124
24,2020,115000.0,2.0,2.0,34.0,16.0,0.0,0.0,0.0,115000.0
25,2020,325000.0,1.0,2.0,25.0,16.0,56.0,49.0,0.0,325000.0
26,2020,42000.0,0.0,2.0,49.0,16.0,41.0,38.0,0.0,42000.0
27,2020,720000.0,4.0,2.0,17.0,12.0,37.0,34.0,2.0,36000.0
28,2020,100000.0,0.0,0.0,8.0,16.0,56.0,49.0,0.0,100000.0
29,2020,157000.0,4.0,2.0,40.0,2.0,8.0,6.0,0.0,113040.0
30,2020,51999.0,2.0,2.0,18.0,7.0,14.0,12.0,2.0,50959.0
31,2020,70000.0,0.0,2.0,7.0,16.0,56.0,49.0,0.0,70000.0
32,2020,60000.0,4.0,2.0,22.0,7.0,21.0,49.0,0.0,58800.0
33,2020,450000.0,2.0,2.0,49.0,16.0,56.0,49.0,1.0,450000.0
34,2020,41000.0,2.0,2.0,12.0,7.0,19.0,17.0,0.0,40180.0
35,2020,65000.0,2.0,2.0,17.0,7.0,2.0,2.0,0.0,63700.0
36,2020,103000.0,2.0,2.0,19.0,16.0,56.0,49.0,0.0,103000.0
37,2020,250000.0,0.0,2.0,38.0,16.0,56.0,49.0,0.0,250000.0
38,2020,10000.0,0.0,2.0,12.0,16.0,40.0,37.0,2.0,10000.0
39,2020,138000.0,0.0,2.0,38.0,16.0,56.0,49.0,2.0,138000.0
40,2020,45760.0,2.0,2.0,22.0,16.0,43.0,49.0,2.0,45760.0
41,2020,70000.0,1.0,2.0,18.0,7.0,18.0,16.0,0.0,68600.0
42,2020,44000.0,2.0,2.0,39.0,7.0,47.0,42.0,1.0,43120.0
43,2020,106000.0,2.0,2.0,17.0,16.0,56.0,49.0,0.0,106000.0
44,2020,88000.0,2.0,2.0,17.0,8.0,20.0,18.0,0.0,97680.0
45,2020,14000.0,0.0,4.0,36.0,7.0,14.0,12.0,2.0,13720.0
46,2020,60000.0,2.0,2.0,22.0,8.0,20.0,18.0,2.0,66600.0
47,2020,188000.0,4.0,2.0,17.0,16.0,56.0,49.0,0.0,188000.0
48,2020,105000.0,2.0,2.0,22.0,16.0,56.0,49.0,0.0,105000.0
49,2020,61500.0,2.0,2.0,17.0,7.0,19.0,17.0,0.0,60270.0
50,2020,450000.0,0.0,2.0,12.0,10.0,27.0,25.0,2.0,5400.0
51,2020,91000.0,0.0,2.0,12.0,16.0,56.0,49.0,0.0,91000.0
52,2020,300000.0,0.0,2.0,1.0,6.0,15.0,13.0,2.0,39000.0
53,2020,48000.0,0.0,2.0,17.0,7.0,44.0,12.0,0.0,47040.0
54,2020,60000.0,4.0,1.0,10.0,16.0,50.0,49.0,2.0,60000.0
55,2020,130000.0,4.0,2.0,47.0,7.0,14.0,12.0,1.0,127400.0
56,2020,34000.0,2.0,2.0,22.0,7.0,18.0,16.0,1.0,33320.0
57,2020,118000.0,2.0,2.0,22.0,16.0,56.0,49.0,1.0,118000.0
58,2020,120000.0,4.0,2.0,22.0,16.0,56.0,49.0,0.0,120000.0
59,2020,138350.0,2.0,2.0,22.0,16.0,56.0,49.0,1.0,138350.0
60,2020,110000.0,2.0,2.0,17.0,16.0,56.0,49.0,0.0,110000.0
61,2020,130800.0,2.0,2.0,17.0,16.0,18.0,49.0,1.0,130800.0
62,2020,19000.0,0.0,4.0,22.0,7.0,30.0,28.0,2.0,18620.0
63,2020,412000.0,4.0,2.0,22.0,16.0,56.0,49.0,0.0,412000.0
64,2020,40000.0,4.0,2.0,38.0,7.0,24.0,21.0,2.0,39200.0
65,2020,55000.0,0.0,2.0,22.0,7.0,14.0,12.0,2.0,53900.0
66,2020,43200.0,0.0,2.0,22.0,7.0,14.0,12.0,2.0,42336.0
67,2020,190200.0,4.0,2.0,21.0,16.0,56.0,49.0,1.0,190200.0
68,2020,105000.0,0.0,2.0,22.0,16.0,56.0,49.0,2.0,105000.0
69,2020,80000.0,4.0,2.0,22.0,7.0,2.0,2.0,2.0,78400.0
70,2020,55000.0,2.0,2.0,22.0,7.0,19.0,31.0,2.0,53900.0
71,2020,37000.0,2.0,2.0,22.0,7.0,19.0,17.0,2.0,36260.0
72,2021,60000.0,0.0,2.0,49.0,8.0,20.0,18.0,0.0,66600.0
73,2021,150000.0,1.0,2.0,5.0,16.0,27.0,49.0,0.0,150000.0
74,2021,235000.0,1.0,2.0,29.0,16.0,56.0,49.0,0.0,235000.0
75,2021,45000.0,4.0,2.0,22.0,7.0,19.0,17.0,0.0,44100.0
76,2021,100000.0,2.0,2.0,5.0,16.0,56.0,49.0,1.0,100000.0
77,2021,400000.0,2.0,4.0,0.0,10.0,27.0,25.0,1.0,4800.0
78,2021,270000.0,2.0,0.0,36.0,16.0,56.0,49.0,0.0,270000.0
79,2021,80000.0,0.0,2.0,12.0,16.0,56.0,49.0,1.0,80000.0
80,2021,67000.0,4.0,2.0,13.0,7.0,14.0,12.0,0.0,65660.0
81,2021,140000.0,2.0,2.0,17.0,16.0,56.0,49.0,0.0,140000.0
82,2021,68000.0,2.0,2.0,3.0,2.0,20.0,6.0,0.0,48960.0
83,2021,40000.0,2.0,2.0,38.0,7.0,18.0,16.0,2.0,39200.0
84,2021,130000.0,1.0,2.0,25.0,7.0,30.0,41.0,0.0,127400.0
85,2021,110000.0,2.0,2.0,17.0,13.0,45.0,41.0,0.0,22000.0
86,2021,50000.0,0.0,2.0,12.0,7.0,19.0,17.0,1.0,49000.0
87,2021,110000.0,2.0,2.0,13.0,16.0,56.0,49.0,0.0,110000.0
88,2021,170000.0,4.0,2.0,32.0,16.0,56.0,49.0,0.0,170000.0
89,2021,80000.0,4.0,2.0,12.0,16.0,5.0,49.0,2.0,80000.0
90,2021,75000.0,4.0,2.0,42.0,7.0,21.0,13.0,0.0,73500.0
91,2021,65000.0,0.0,2.0,19.0,7.0,14.0,12.0,2.0,63700.0
92,2021,1450000.0,2.0,2.0,32.0,10.0,27.0,25.0,0.0,17400.0
93,2021,276000.0,4.0,2.0,33.0,16.0,56.0,49.0,0.0,276000.0
94,2021,2200000.0,0.0,2.0,22.0,10.0,27.0,25.0,0.0,26400.0
95,2021,120000.0,2.0,2.0,9.0,14.0,51.0,45.0,0.0,84000.0
96,2021,12000.0,0.0,4.0,1.0,16.0,7.0,49.0,2.0,12000.0
97,2021,450000.0,2.0,2.0,28.0,16.0,56.0,49.0,0.0,450000.0
98,2021,70000.0,0.0,2.0,11.0,16.0,56.0,49.0,1.0,70000.0
99,2021,81000.0,2.0,2.0,11.0,7.0,14.0,49.0,2.0,79380.0
100,2021,75000.0,2.0,2.0,12.0,16.0,56.0,49.0,0.0,75000.0
101,2021,150000.0,4.0,2.0,17.0,16.0,56.0,49.0,0.0,150000.0
102,2021,11000000.0,2.0,2.0,5.0,9.0,25.0,49.0,0.0,25300.0
103,2021,62000.0,2.0,2.0,12.0,16.0,56.0,49.0,0.0,62000.0
104,2021,73000.0,2.0,2.0,22.0,16.0,56.0,49.0,0.0,73000.0
105,2021,37456.0,2.0,2.0,12.0,8.0,20.0,18.0,0.0,41576.0
106,2021,235000.0,2.0,2.0,49.0,2.0,8.0,6.0,0.0,169200.0
107,2021,115000.0,4.0,2.0,17.0,16.0,56.0,49.0,2.0,115000.0
108,2021,150000.0,4.0,2.0,17.0,16.0,56.0,49.0,1.0,150000.0
109,2021,2250000.0,0.0,2.0,17.0,10.0,27.0,25.0,0.0,27000.0
110,2021,80000.0,4.0,2.0,38.0,7.0,14.0,12.0,0.0,78400.0
111,2021,82500.0,4.0,2.0,24.0,8.0,20.0,18.0,1.0,91575.0
112,2021,75000.0,4.0,2.0,33.0,8.0,20.0,18.0,2.0,83250.0
113,2021,12000.0,0.0,4.0,1.0,16.0,44.0,49.0,1.0,12000.0
114,2021,38400.0,2.0,2.0,17.0,7.0,41.0,38.0,0.0,37632.0
115,2021,225000.0,0.0,2.0,41.0,16.0,56.0,49.0,0.0,225000.0
116,2021,50000.0,2.0,2.0,22.0,16.0,40.0,37.0,0.0,50000.0
117,2021,34000.0,2.0,2.0,20.0,7.0,21.0,19.0,1.0,33320.0
118,2021,90000.0,0.0,2.0,12.0,16.0,56.0,49.0,2.0,90000.0
119,2021,200000.0,2.0,2.0,17.0,16.0,56.0,49.0,0.0,200000.0
120,2021,60000.0,2.0,2.0,7.0,16.0,18.0,43.0,1.0,60000.0
121,2021,200000.0,4.0,2.0,46.0,16.0,56.0,49.0,1.0,200000.0
122,2021,50000.0,0.0,2.0,12.0,16.0,56.0,49.0,1.0,50000.0
123,2021,80000.0,0.0,2.0,3.0,8.0,20.0,18.0,0.0,88800.0
124,2021,8760.0,0.0,4.0,12.0,7.0,18.0,16.0,1.0,8585.0
125,2021,151000.0,2.0,2.0,47.0,16.0,56.0,49.0,0.0,151000.0
126,2021,120000.0,4.0,2.0,41.0,16.0,56.0,49.0,2.0,120000.0
127,2021,700000.0,2.0,2.0,22.0,10.0,27.0,25.0,2.0,8400.0
128,2021,20000.0,0.0,2.0,38.0,16.0,27.0,25.0,2.0,20000.0
129,2021,3000000.0,4.0,2.0,34.0,10.0,27.0,25.0,0.0,36000.0
130,2021,100000.0,0.0,2.0,37.0,16.0,28.0,26.0,2.0,100000.0
131,2021,42000.0,0.0,2.0,22.0,7.0,19.0,17.0,1.0,41160.0
132,2021,38400.0,2.0,2.0,4.0,16.0,57.0,49.0,1.0,38400.0
133,2021,24000.0,4.0,2.0,10.0,16.0,7.0,5.0,1.0,24000.0
134,2021,100000.0,0.0,2.0,22.0,16.0,56.0,49.0,2.0,100000.0
135,2021,90000.0,2.0,2.0,12.0,16.0,56.0,49.0,1.0,90000.0
136,2021,7000000.0,2.0,2.0,36.0,11.0,32.0,29.0,2.0,48300.0
137,2021,8500000.0,2.0,2.0,36.0,11.0,32.0,29.0,2.0,58650.0
138,2021,220000.0,4.0,2.0,47.0,16.0,56.0,49.0,0.0,220000.0
139,2021,80000.0,0.0,2.0,22.0,16.0,56.0,49.0,1.0,80000.0
140,2021,135000.0,2.0,2.0,12.0,16.0,56.0,49.0,0.0,135000.0
141,2021,240000.0,4.0,2.0,21.0,16.0,56.0,49.0,0.0,240000.0
142,2021,150000.0,4.0,2.0,18.0,16.0,56.0,49.0,0.0,150000.0
143,2021,82500.0,2.0,2.0,22.0,16.0,56.0,49.0,2.0,82500.0
144,2021,100000.0,2.0,2.0,17.0,16.0,56.0,49.0,0.0,100000.0
145,2021,70000.0,4.0,2.0,38.0,7.0,4.0,4.0,1.0,68600.0
146,2021,53000.0,2.0,2.0,49.0,7.0,19.0,17.0,1.0,51940.0
147,2021,90000.0,2.0,2.0,17.0,16.0,56.0,49.0,0.0,90000.0
148,2021,153000.0,4.0,2.0,18.0,16.0,56.0,49.0,0.0,153000.0
149,2021,160000.0,4.0,2.0,9.0,16.0,7.0,49.0,2.0,160000.0
150,2021,168000.0,4.0,2.0,25.0,16.0,32.0,29.0,2.0,168000.0
151,2021,150000.0,2.0,2.0,22.0,16.0,56.0,49.0,1.0,150000.0
152,2021,95000.0,2.0,2.0,22.0,2.0,8.0,6.0,0.0,68400.0
153,2021,13400.0,0.0,2.0,22.0,16.0,55.0,48.0,0.0,13400.0
154,2021,144000.0,4.0,2.0,21.0,16.0,56.0,49.0,0.0,144000.0
155,2021,159500.0,4.0,2.0,20.0,2.0,8.0,6.0,0.0,114840.0
156,2021,160000.0,2.0,2.0,22.0,14.0,51.0,24.0,1.0,112000.0
157,2021,423000.0,2.0,2.0,4.0,16.0,56.0,49.0,0.0,423000.0
158,2021,120000.0,4.0,2.0,15.0,16.0,56.0,49.0,1.0,120000.0
159,2021,125000.0,0.0,2.0,38.0,16.0,56.0,49.0,2.0,125000.0
160,2021,230000.0,1.0,2.0,29.0,16.0,50.0,44.0,0.0,230000.0
161,2021,85000.0,1.0,2.0,30.0,16.0,50.0,44.0,1.0,85000.0
162,2021,24000.0,2.0,2.0,17.0,7.0,36.0,33.0,0.0,23520.0
163,2021,54000.0,0.0,2.0,19.0,7.0,14.0,12.0,0.0,52920.0
164,2021,110000.0,1.0,2.0,25.0,7.0,14.0,12.0,1.0,107800.0
165,2021,165000.0,4.0,2.0,23.0,16.0,56.0,49.0,0.0,165000.0
166,2021,80000.0,0.0,2.0,17.0,16.0,56.0,49.0,0.0,80000.0
167,2021,250000.0,1.0,2.0,25.0,16.0,56.0,49.0,0.0,250000.0
168,2021,55000.0,0.0,2.0,5.0,16.0,56.0,49.0,2.0,55000.0
169,2021,150000.0,2.0,2.0,16.0,16.0,56.0,49.0,0.0,150000.0
170,2021,170000.0,2.0,2.0,16.0,16.0,56.0,49.0,0.0,170000.0
171,2021,60000.0,2.0,2.0,17.0,8.0,20.0,18.0,0.0,66600.0
172,2021,60000.0,0.0,2.0,12.0,16.0,56.0,49.0,2.0,60000.0
173,2021,235000.0,4.0,2.0,47.0,16.0,56.0,49.0,0.0,235000.0
174,2021,51400.0,4.0,2.0,49.0,7.0,47.0,42.0,0.0,50372.0
175,2021,174000.0,4.0,2.0,18.0,16.0,56.0,49.0,0.0,174000.0
176,2021,58000.0,2.0,2.0,22.0,12.0,37.0,34.0,2.0,2900.0
177,2021,30400000.0,2.0,2.0,22.0,4.0,10.0,8.0,0.0,30400.0
178,2021,81000.0,0.0,2.0,38.0,16.0,56.0,49.0,2.0,81000.0
179,2021,420000.0,2.0,2.0,22.0,10.0,27.0,49.0,2.0,5040.0
180,2021,1672000.0,2.0,2.0,7.0,10.0,27.0,25.0,0.0,20064.0
181,2021,76760.0,2.0,2.0,22.0,7.0,14.0,12.0,0.0,75225.0
182,2021,22000.0,2.0,2.0,17.0,7.0,48.0,49.0,0.0,21560.0
183,2021,45000.0,4.0,2.0,27.0,8.0,20.0,18.0,0.0,49950.0
184,2021,12000.0,2.0,1.0,41.0,16.0,44.0,40.0,1.0,12000.0
185,2021,4000.0,2.0,2.0,17.0,16.0,29.0,27.0,1.0,4000.0
186,2021,50000.0,4.0,2.0,13.0,16.0,57.0,18.0,1.0,50000.0
187,2021,59000.0,1.0,2.0,19.0,7.0,19.0,16.0,2.0,57820.0
188,2021,65000.0,4.0,2.0,17.0,7.0,48.0,18.0,2.0,63700.0
189,2021,74000.0,2.0,2.0,38.0,16.0,32.0,29.0,2.0,74000.0
190,2021,152000.0,4.0,2.0,21.0,16.0,56.0,17.0,0.0,152000.0
191,2021,21844.0,0.0,2.0,38.0,16.0,12.0,10.0,1.0,21844.0
192,2021,18000.0,2.0,2.0,7.0,16.0,35.0,32.0,2.0,18000.0
193,2021,174000.0,4.0,2.0,21.0,16.0,56.0,49.0,0.0,174000.0
194,2021,120500.0,4.0,2.0,49.0,2.0,8.0,6.0,0.0,86760.0
195,2021,147000.0,2.0,2.0,22.0,16.0,56.0,49.0,0.0,147000.0
196,2021,9272.0,0.0,2.0,5.0,16.0,33.0,30.0,2.0,9272.0
197,2021,1799997.0,4.0,2.0,38.0,10.0,27.0,25.0,0.0,21600.0
198,2021,4000000.0,4.0,2.0,21.0,10.0,27.0,49.0,0.0,48000.0
199,2021,90000.0,0.0,2.0,19.0,16.0,56.0,49.0,2.0,90000.0
200,2021,52000.0,2.0,2.0,22.0,7.0,14.0,2.0,1.0,50960.0
201,2021,195000.0,4.0,2.0,39.0,16.0,56.0,49.0,1.0,195000.0
202,2021,32000.0,2.0,2.0,22.0,7.0,18.0,16.0,0.0,31360.0
203,2021,50000.0,4.0,2.0,49.0,16.0,19.0,49.0,2.0,50000.0
204,2021,160000.0,2.0,2.0,22.0,16.0,56.0,49.0,0.0,160000.0
205,2021,69600.0,2.0,2.0,22.0,1.0,7.0,5.0,2.0,12528.0
206,2021,200000.0,4.0,2.0,38.0,16.0,56.0,49.0,0.0,200000.0
207,2021,165000.0,4.0,2.0,17.0,16.0,56.0,49.0,1.0,165000.0
208,2021,20000.0,2.0,1.0,17.0,16.0,30.0,49.0,0.0,20000.0
209,2021,120000.0,4.0,2.0,15.0,16.0,56.0,49.0,0.0,120000.0
210,2021,21000.0,2.0,2.0,38.0,7.0,52.0,46.0,0.0,20580.0
211,2021,48000.0,2.0,2.0,49.0,7.0,19.0,17.0,2.0,47040.0
212,2021,48000.0,2.0,2.0,17.0,8.0,22.0,18.0,2.0,53280.0
213,2021,435000.0,0.0,2.0,7.0,10.0,27.0,7.0,0.0,5220.0
214,2021,21000.0,0.0,2.0,38.0,7.0,14.0,12.0,1.0,20580.0
215,2021,185000.0,4.0,2.0,46.0,16.0,56.0,49.0,0.0,185000.0
216,2021,180000.0,0.0,4.0,10.0,6.0,15.0,13.0,2.0,23400.0
217,2021,76760.0,2.0,2.0,22.0,7.0,14.0,12.0,0.0,75225.0
218,2021,75000.0,2.0,2.0,38.0,7.0,4.0,4.0,1.0,73500.0
219,2021,140000.0,4.0,2.0,15.0,16.0,56.0,49.0,0.0,140000.0
220,2021,180000.0,2.0,2.0,38.0,13.0,45.0,41.0,0.0,36000.0
221,2021,85000.0,2.0,2.0,22.0,8.0,20.0,18.0,0.0,94350.0
222,2021,2500000.0,2.0,2.0,22.0,10.0,27.0,25.0,1.0,30000.0
223,2021,40900.0,2.0,2.0,22.0,8.0,20.0,18.0,0.0,45399.0
224,2021,225000.0,4.0,2.0,41.0,16.0,56.0,6.0,0.0,225000.0
225,2021,416000.0,1.0,0.0,47.0,16.0,56.0,49.0,2.0,416000.0
226,2021,110000.0,4.0,2.0,22.0,2.0,8.0,6.0,2.0,79200.0
227,2021,75000.0,2.0,2.0,22.0,7.0,14.0,12.0,0.0,73500.0
228,2021,135000.0,4.0,2.0,22.0,16.0,56.0,49.0,0.0,135000.0
229,2021,90000.0,4.0,2.0,12.0,2.0,8.0,6.0,1.0,64800.0
230,2021,1200000.0,0.0,2.0,7.0,10.0,27.0,25.0,0.0,14400.0
231,2021,256000.0,4.0,2.0,36.0,16.0,56.0,49.0,2.0,256000.0
232,2021,200000.0,4.0,2.0,24.0,16.0,56.0,49.0,0.0,200000.0
233,2021,200000.0,4.0,2.0,12.0,16.0,56.0,49.0,0.0,200000.0
234,2021,180000.0,2.0,2.0,16.0,16.0,56.0,49.0,0.0,180000.0
235,2021,110000.0,2.0,2.0,30.0,16.0,56.0,49.0,2.0,110000.0
236,2021,80000.0,2.0,2.0,49.0,2.0,8.0,6.0,1.0,57600.0
237,2021,39600.0,2.0,2.0,22.0,7.0,18.0,16.0,1.0,38808.0
238,2021,4000.0,0.0,2.0,22.0,16.0,57.0,50.0,1.0,4000.0
239,2021,1600000.0,0.0,2.0,17.0,10.0,27.0,25.0,1.0,19200.0
240,2021,130000.0,4.0,2.0,22.0,2.0,8.0,6.0,0.0,93600.0
241,2021,80000.0,2.0,2.0,12.0,16.0,56.0,49.0,0.0,80000.0
242,2021,110000.0,2.0,2.0,17.0,16.0,56.0,49.0,0.0,110000.0
243,2021,165000.0,4.0,2.0,22.0,16.0,56.0,49.0,0.0,165000.0
244,2021,1335000.0,0.0,2.0,1.0,10.0,27.0,1.0,2.0,16020.0
245,2021,52500.0,2.0,2.0,17.0,8.0,20.0,18.0,0.0,58275.0
246,2021,31000.0,0.0,2.0,22.0,7.0,19.0,17.0,0.0,30380.0
247,2021,108000.0,2.0,2.0,17.0,15.0,54.0,47.0,1.0,5832.0
248,2021,70000.0,4.0,2.0,17.0,8.0,20.0,18.0,0.0,77700.0
249,2021,170000.0,4.0,2.0,45.0,16.0,56.0,49.0,1.0,170000.0
250,2021,115000.0,2.0,2.0,22.0,16.0,56.0,49.0,0.0,115000.0
251,2021,90000.0,0.0,2.0,22.0,16.0,56.0,49.0,2.0,90000.0
252,2021,600000.0,1.0,2.0,46.0,16.0,56.0,49.0,0.0,600000.0
253,2021,2100000.0,0.0,2.0,22.0,10.0,27.0,25.0,1.0,25200.0
254,2021,93000.0,2.0,2.0,12.0,16.0,56.0,49.0,0.0,93000.0
255,2021,125000.0,4.0,2.0,6.0,2.0,8.0,6.0,1.0,90000.0
256,2021,200000.0,2.0,2.0,17.0,16.0,56.0,49.0,0.0,200000.0
257,2021,147000.0,4.0,2.0,47.0,7.0,14.0,12.0,1.0,144060.0
258,2021,185000.0,4.0,2.0,38.0,16.0,56.0,49.0,0.0,185000.0
259,2021,120000.0,1.0,2.0,25.0,7.0,14.0,12.0,0.0,117600.0
260,2021,130000.0,2.0,2.0,22.0,16.0,56.0,49.0,0.0,130000.0
261,2021,54000.0,4.0,2.0,12.0,7.0,14.0,12.0,0.0,52920.0
262,2021,1250000.0,2.0,2.0,22.0,10.0,27.0,25.0,2.0,15000.0
263,2021,4900000.0,4.0,2.0,38.0,10.0,27.0,25.0,0.0,58800.0
264,2021,21600.0,2.0,2.0,22.0,7.0,49.0,12.0,2.0,21168.0
265,2021,160000.0,4.0,2.0,33.0,16.0,46.0,49.0,2.0,160000.0
266,2021,93150.0,2.0,2.0,17.0,16.0,56.0,49.0,1.0,93150.0
267,2021,111775.0,2.0,2.0,17.0,16.0,56.0,49.0,1.0,111775.0
268,2021,250000.0,2.0,2.0,17.0,15.0,54.0,47.0,1.0,13500.0
269,2021,55000.0,0.0,2.0,17.0,7.0,14.0,12.0,1.0,53900.0
270,2021,72500.0,0.0,2.0,17.0,16.0,56.0,49.0,0.0,72500.0
271,2021,102000.0,4.0,2.0,10.0,1.0,7.0,5.0,1.0,18360.0
272,2021,65000.0,0.0,2.0,19.0,7.0,14.0,12.0,0.0,63700.0
273,2021,85000.0,0.0,2.0,38.0,16.0,41.0,12.0,2.0,85000.0
274,2021,65720.0,4.0,2.0,22.0,7.0,19.0,17.0,1.0,64406.0
275,2021,100000.0,0.0,2.0,22.0,16.0,56.0,49.0,1.0,100000.0
276,2021,58000.0,0.0,2.0,22.0,16.0,56.0,49.0,0.0,58000.0
277,2021,55000.0,4.0,2.0,1.0,16.0,18.0,16.0,0.0,55000.0
278,2021,180000.0,4.0,2.0,22.0,15.0,54.0,47.0,0.0,9720.0
279,2021,50000.0,0.0,2.0,8.0,7.0,34.0,31.0,0.0,49000.0
280,2021,112000.0,2.0,2.0,17.0,16.0,56.0,49.0,0.0,112000.0
281,2021,100000.0,0.0,2.0,49.0,16.0,31.0,9.0,0.0,100000.0
282,2021,59000.0,2.0,4.0,17.0,7.0,41.0,38.0,0.0,57820.0
283,2021,105000.0,4.0,0.0,50.0,16.0,56.0,49.0,1.0,105000.0
284,2021,69999.0,2.0,2.0,49.0,16.0,13.0,11.0,0.0,69999.0
285,2021,7000000.0,4.0,2.0,21.0,10.0,27.0,25.0,0.0,84000.0
286,2021,87000.0,4.0,2.0,29.0,7.0,52.0,46.0,0.0,85260.0
287,2021,109000.0,2.0,2.0,22.0,16.0,56.0,49.0,0.0,109000.0
288,2021,43200.0,2.0,2.0,38.0,7.0,30.0,28.0,0.0,42336.0
289,2022,135000.0,4.0,2.0,17.0,16.0,56.0,49.0,1.0,135000.0
290,2022,155000.0,4.0,2.0,12.0,16.0,56.0,49.0,1.0,155000.0
291,2022,120600.0,4.0,2.0,12.0,16.0,56.0,49.0,1.0,120600.0
292,2022,130000.0,2.0,2.0,22.0,16.0,56.0,49.0,1.0,130000.0
293,2022,90000.0,2.0,2.0,22.0,16.0,56.0,49.0,1.0,90000.0
294,2022,170000.0,2.0,2.0,17.0,16.0,56.0,49.0,1.0,170000.0
295,2022,150000.0,2.0,2.0,17.0,16.0,56.0,49.0,1.0,150000.0
296,2022,102100.0,4.0,2.0,12.0,16.0,56.0,49.0,1.0,102100.0
297,2022,84900.0,4.0,2.0,12.0,16.0,56.0,49.0,1.0,84900.0
298,2022,136620.0,4.0,2.0,22.0,16.0,56.0,49.0,1.0,136620.0
299,2022,99360.0,4.0,2.0,22.0,16.0,56.0,49.0,1.0,99360.0
300,2022,90000.0,4.0,2.0,22.0,8.0,20.0,18.0,1.0,99900.0
301,2022,80000.0,4.0,2.0,22.0,8.0,20.0,18.0,1.0,88800.0
302,2022,146000.0,4.0,2.0,22.0,16.0,56.0,49.0,1.0,146000.0
303,2022,123000.0,4.0,2.0,22.0,16.0,56.0,49.0,1.0,123000.0
304,2022,40000.0,0.0,2.0,17.0,8.0,20.0,18.0,1.0,44400.0
305,2022,99000.0,4.0,2.0,12.0,16.0,56.0,49.0,1.0,99000.0
306,2022,116000.0,4.0,2.0,12.0,16.0,56.0,49.0,1.0,116000.0
307,2022,106260.0,2.0,2.0,12.0,16.0,56.0,49.0,1.0,106260.0
308,2022,126500.0,2.0,2.0,12.0,16.0,56.0,49.0,1.0,126500.0
309,2022,242000.0,1.0,2.0,17.0,16.0,56.0,49.0,1.0,242000.0
310,2022,200000.0,1.0,2.0,17.0,16.0,56.0,49.0,1.0,200000.0
311,2022,50000.0,2.0,2.0,22.0,8.0,20.0,18.0,1.0,55500.0
312,2022,30000.0,2.0,2.0,22.0,8.0,20.0,18.0,1.0,33300.0
313,2022,60000.0,2.0,2.0,17.0,8.0,20.0,18.0,1.0,66600.0
314,2022,40000.0,2.0,2.0,17.0,8.0,20.0,18.0,1.0,44400.0
315,2022,165220.0,4.0,2.0,22.0,16.0,56.0,49.0,1.0,165220.0
316,2022,35000.0,0.0,2.0,17.0,8.0,20.0,18.0,1.0,38850.0
317,2022,120160.0,4.0,2.0,22.0,16.0,56.0,49.0,1.0,120160.0
318,2022,90320.0,4.0,2.0,12.0,16.0,56.0,49.0,1.0,90320.0
319,2022,181940.0,4.0,2.0,17.0,16.0,56.0,49.0,1.0,181940.0
320,2022,132320.0,4.0,2.0,17.0,16.0,56.0,49.0,1.0,132320.0
321,2022,220110.0,4.0,2.0,17.0,16.0,56.0,49.0,1.0,220110.0
322,2022,160080.0,4.0,2.0,17.0,16.0,56.0,49.0,1.0,160080.0
323,2022,180000.0,4.0,2.0,22.0,16.0,56.0,49.0,0.0,180000.0
324,2022,120000.0,4.0,2.0,22.0,16.0,56.0,49.0,0.0,120000.0
325,2022,124190.0,4.0,2.0,12.0,16.0,56.0,49.0,1.0,124190.0
326,2022,130000.0,1.0,2.0,12.0,16.0,56.0,49.0,1.0,130000.0
327,2022,110000.0,1.0,2.0,12.0,16.0,56.0,49.0,1.0,110000.0
328,2022,170000.0,4.0,2.0,12.0,16.0,56.0,49.0,1.0,170000.0
329,2022,115500.0,2.0,2.0,12.0,16.0,56.0,49.0,1.0,115500.0
330,2022,112900.0,4.0,2.0,12.0,16.0,56.0,49.0,1.0,112900.0
331,2022,90320.0,4.0,2.0,12.0,16.0,56.0,49.0,1.0,90320.0
332,2022,112900.0,4.0,2.0,12.0,16.0,56.0,49.0,1.0,112900.0
333,2022,90320.0,4.0,2.0,12.0,16.0,56.0,49.0,1.0,90320.0
334,2022,165400.0,4.0,2.0,17.0,16.0,56.0,49.0,1.0,165400.0
335,2022,132320.0,4.0,2.0,17.0,16.0,56.0,49.0,1.0,132320.0
336,2022,167000.0,2.0,2.0,12.0,16.0,56.0,49.0,1.0,167000.0
337,2022,243900.0,4.0,2.0,17.0,16.0,56.0,49.0,1.0,243900.0
338,2022,136600.0,4.0,2.0,12.0,16.0,56.0,49.0,1.0,136600.0
339,2022,109280.0,4.0,2.0,12.0,16.0,56.0,49.0,1.0,109280.0
340,2022,128875.0,4.0,2.0,17.0,16.0,56.0,49.0,1.0,128875.0
341,2022,93700.0,4.0,2.0,17.0,16.0,56.0,49.0,1.0,93700.0
342,2022,224000.0,1.0,2.0,30.0,16.0,56.0,49.0,1.0,224000.0
343,2022,167875.0,1.0,2.0,30.0,16.0,56.0,49.0,1.0,167875.0
344,2022,175000.0,1.0,2.0,2.0,16.0,56.0,49.0,1.0,175000.0
345,2022,156600.0,4.0,2.0,17.0,16.0,56.0,49.0,1.0,156600.0
346,2022,108800.0,4.0,2.0,17.0,16.0,56.0,49.0,1.0,108800.0
347,2022,95550.0,4.0,2.0,22.0,16.0,56.0,49.0,1.0,95550.0
348,2022,113000.0,4.0,2.0,17.0,16.0,56.0,49.0,0.0,113000.0
349,2022,135000.0,4.0,2.0,12.0,16.0,56.0,49.0,1.0,135000.0
350,2022,161342.0,4.0,2.0,21.0,16.0,56.0,49.0,1.0,161342.0
351,2022,137141.0,4.0,2.0,21.0,16.0,56.0,49.0,1.0,137141.0
352,2022,167000.0,4.0,2.0,22.0,16.0,56.0,49.0,1.0,167000.0
353,2022,123000.0,4.0,2.0,22.0,16.0,56.0,49.0,1.0,123000.0
354,2022,60000.0,4.0,2.0,17.0,8.0,20.0,18.0,1.0,66600.0
355,2022,50000.0,4.0,2.0,17.0,8.0,20.0,18.0,1.0,55500.0
356,2022,150000.0,4.0,2.0,22.0,16.0,56.0,49.0,1.0,150000.0
357,2022,211500.0,4.0,2.0,22.0,16.0,56.0,49.0,1.0,211500.0
358,2022,192400.0,4.0,2.0,16.0,16.0,8.0,6.0,1.0,192400.0
359,2022,90700.0,4.0,2.0,16.0,16.0,8.0,6.0,1.0,90700.0
360,2022,130000.0,4.0,2.0,12.0,16.0,8.0,6.0,1.0,130000.0
361,2022,61300.0,4.0,2.0,12.0,16.0,8.0,6.0,1.0,61300.0
362,2022,130000.0,4.0,2.0,12.0,16.0,8.0,6.0,1.0,130000.0
363,2022,61300.0,4.0,2.0,12.0,16.0,8.0,6.0,1.0,61300.0
364,2022,160000.0,4.0,2.0,17.0,16.0,56.0,49.0,0.0,160000.0
365,2022,138600.0,4.0,2.0,22.0,16.0,56.0,49.0,1.0,138600.0
366,2022,136000.0,4.0,2.0,17.0,16.0,56.0,49.0,1.0,136000.0
367,2022,58000.0,2.0,2.0,12.0,16.0,56.0,49.0,2.0,58000.0
368,2022,135000.0,1.0,2.0,2.0,16.0,56.0,49.0,1.0,135000.0
369,2022,170000.0,4.0,2.0,22.0,16.0,56.0,49.0,1.0,170000.0
370,2022,123000.0,4.0,2.0,22.0,16.0,56.0,49.0,1.0,123000.0
371,2022,189650.0,4.0,2.0,38.0,16.0,56.0,49.0,1.0,189650.0
372,2022,164996.0,4.0,2.0,38.0,16.0,56.0,49.0,1.0,164996.0
373,2022,50000.0,2.0,2.0,26.0,7.0,21.0,19.0,1.0,49000.0
374,2022,50000.0,2.0,2.0,26.0,7.0,21.0,19.0,1.0,49000.0
375,2022,150000.0,1.0,2.0,33.0,2.0,8.0,6.0,2.0,108000.0
376,2022,132000.0,4.0,2.0,12.0,16.0,56.0,49.0,1.0,132000.0
377,2022,165400.0,4.0,2.0,17.0,16.0,56.0,49.0,1.0,165400.0
378,2022,208775.0,4.0,2.0,16.0,16.0,56.0,49.0,1.0,208775.0
379,2022,147800.0,4.0,2.0,16.0,16.0,56.0,49.0,1.0,147800.0
380,2022,136994.0,4.0,2.0,17.0,16.0,56.0,49.0,1.0,136994.0
381,2022,101570.0,4.0,2.0,17.0,16.0,56.0,49.0,1.0,101570.0
382,2022,128875.0,4.0,2.0,12.0,16.0,56.0,49.0,1.0,128875.0
383,2022,93700.0,4.0,2.0,12.0,16.0,56.0,49.0,1.0,93700.0
384,2022,6000000.0,1.0,2.0,31.0,10.0,27.0,25.0,0.0,72000.0
385,2022,132320.0,4.0,2.0,17.0,16.0,56.0,49.0,1.0,132320.0
386,2022,28500.0,0.0,2.0,38.0,8.0,20.0,18.0,0.0,31635.0
387,2022,164000.0,4.0,2.0,12.0,16.0,56.0,49.0,1.0,164000.0
388,2022,155000.0,4.0,2.0,17.0,16.0,56.0,49.0,1.0,155000.0
389,2022,95000.0,2.0,2.0,38.0,8.0,20.0,18.0,1.0,105450.0
390,2022,75000.0,2.0,2.0,38.0,8.0,20.0,18.0,1.0,83250.0
391,2022,120000.0,2.0,2.0,1.0,16.0,56.0,49.0,1.0,120000.0
392,2022,112900.0,4.0,2.0,12.0,16.0,56.0,49.0,1.0,112900.0
393,2022,90320.0,4.0,2.0,12.0,16.0,56.0,49.0,1.0,90320.0
394,2022,145000.0,4.0,2.0,15.0,16.0,56.0,49.0,1.0,145000.0
395,2022,105400.0,4.0,2.0,15.0,16.0,56.0,49.0,1.0,105400.0
396,2022,80000.0,2.0,2.0,38.0,7.0,19.0,12.0,1.0,78400.0
397,2022,90000.0,2.0,2.0,17.0,8.0,20.0,18.0,1.0,99900.0
398,2022,215300.0,4.0,2.0,22.0,16.0,56.0,49.0,0.0,215300.0
399,2022,158200.0,4.0,2.0,22.0,16.0,56.0,49.0,0.0,158200.0
400,2022,209100.0,4.0,2.0,17.0,16.0,56.0,49.0,0.0,209100.0
401,2022,154600.0,4.0,2.0,17.0,16.0,56.0,49.0,0.0,154600.0
402,2022,115934.0,4.0,2.0,12.0,16.0,56.0,49.0,1.0,115934.0
403,2022,81666.0,4.0,2.0,12.0,16.0,56.0,49.0,1.0,81666.0
404,2022,175000.0,4.0,2.0,17.0,16.0,56.0,49.0,1.0,175000.0
405,2022,75000.0,2.0,2.0,17.0,8.0,20.0,18.0,1.0,83250.0
406,2022,58000.0,2.0,2.0,12.0,16.0,56.0,49.0,2.0,58000.0
407,2022,183600.0,4.0,2.0,17.0,16.0,56.0,49.0,0.0,183600.0
408,2022,40000.0,2.0,2.0,12.0,8.0,20.0,18.0,1.0,44400.0
409,2022,180000.0,4.0,2.0,22.0,16.0,56.0,49.0,1.0,180000.0
410,2022,55000.0,2.0,2.0,22.0,8.0,20.0,18.0,1.0,61050.0
411,2022,35000.0,2.0,2.0,22.0,8.0,20.0,18.0,1.0,38850.0
412,2022,60000.0,2.0,2.0,17.0,7.0,21.0,19.0,1.0,58800.0
413,2022,45000.0,2.0,2.0,17.0,7.0,21.0,19.0,1.0,44100.0
414,2022,60000.0,2.0,2.0,17.0,8.0,20.0,18.0,1.0,66600.0
415,2022,45000.0,2.0,2.0,17.0,8.0,20.0,18.0,1.0,49950.0
416,2022,260000.0,4.0,2.0,22.0,16.0,56.0,49.0,1.0,260000.0
417,2022,60000.0,4.0,2.0,20.0,16.0,1.0,34.0,0.0,60000.0
418,2022,63900.0,2.0,2.0,17.0,16.0,56.0,49.0,1.0,63900.0
419,2022,160000.0,2.0,2.0,41.0,16.0,56.0,49.0,0.0,160000.0
420,2022,112300.0,2.0,2.0,41.0,16.0,56.0,49.0,0.0,112300.0
421,2022,241000.0,2.0,2.0,21.0,16.0,56.0,49.0,1.0,241000.0
422,2022,159000.0,2.0,2.0,21.0,16.0,56.0,49.0,1.0,159000.0
423,2022,180000.0,4.0,2.0,22.0,16.0,56.0,49.0,1.0,180000.0
424,2022,80000.0,4.0,2.0,22.0,16.0,56.0,49.0,1.0,80000.0
425,2022,82900.0,2.0,2.0,17.0,16.0,56.0,49.0,1.0,82900.0
426,2022,100800.0,4.0,2.0,17.0,16.0,56.0,49.0,0.0,100800.0
427,2022,45000.0,2.0,2.0,17.0,7.0,18.0,16.0,1.0,44100.0
428,2022,140400.0,4.0,2.0,22.0,16.0,56.0,49.0,0.0,140400.0
429,2022,30000.0,2.0,2.0,12.0,8.0,20.0,18.0,1.0,33300.0
430,2022,40000.0,2.0,2.0,12.0,7.0,18.0,16.0,1.0,39200.0
431,2022,30000.0,2.0,2.0,12.0,7.0,18.0,16.0,1.0,29400.0
432,2022,80000.0,2.0,2.0,17.0,7.0,18.0,16.0,1.0,78400.0
433,2022,70000.0,2.0,2.0,17.0,7.0,18.0,16.0,1.0,68600.0
434,2022,80000.0,2.0,2.0,17.0,8.0,20.0,18.0,1.0,88800.0
435,2022,70000.0,2.0,2.0,17.0,8.0,20.0,18.0,1.0,77700.0
436,2022,60000.0,2.0,2.0,17.0,7.0,18.0,16.0,1.0,58800.0
437,2022,80000.0,2.0,2.0,17.0,7.0,21.0,19.0,1.0,78400.0
438,2022,189650.0,4.0,2.0,38.0,16.0,56.0,49.0,1.0,189650.0
439,2022,164996.0,4.0,2.0,38.0,16.0,56.0,49.0,1.0,164996.0
440,2022,40000.0,2.0,2.0,12.0,7.0,21.0,19.0,1.0,39200.0
441,2022,30000.0,2.0,2.0,12.0,7.0,21.0,19.0,1.0,29400.0
442,2022,75000.0,2.0,2.0,17.0,8.0,20.0,18.0,1.0,83250.0
443,2022,60000.0,2.0,2.0,17.0,8.0,20.0,18.0,1.0,66600.0
444,2022,215300.0,4.0,2.0,22.0,16.0,56.0,49.0,0.0,215300.0
445,2022,70000.0,2.0,2.0,17.0,7.0,21.0,19.0,1.0,68600.0
446,2022,209100.0,4.0,2.0,17.0,16.0,56.0,49.0,0.0,209100.0
447,2022,154600.0,4.0,2.0,17.0,16.0,56.0,49.0,0.0,154600.0
448,2022,180000.0,4.0,2.0,17.0,16.0,56.0,49.0,1.0,180000.0
449,2022,20000.0,0.0,2.0,36.0,7.0,47.0,42.0,0.0,19600.0
450,2022,80000.0,4.0,2.0,17.0,16.0,56.0,49.0,1.0,80000.0
451,2022,100000.0,2.0,2.0,37.0,2.0,8.0,6.0,1.0,72000.0
452,2022,250000.0,1.0,2.0,25.0,2.0,8.0,6.0,0.0,180000.0
453,2022,120000.0,2.0,2.0,38.0,16.0,56.0,49.0,2.0,120000.0
454,2022,125000.0,0.0,2.0,10.0,16.0,56.0,49.0,1.0,125000.0
455,2022,240000.0,2.0,2.0,44.0,5.0,56.0,49.0,0.0,33600.0
456,2022,105000.0,4.0,2.0,17.0,16.0,56.0,49.0,1.0,105000.0
457,2022,80000.0,4.0,2.0,35.0,7.0,14.0,12.0,1.0,78400.0
458,2022,1400000.0,2.0,2.0,8.0,10.0,27.0,25.0,1.0,16800.0
459,2022,2400000.0,2.0,2.0,22.0,10.0,27.0,25.0,0.0,28800.0
460,2022,53000.0,2.0,2.0,39.0,7.0,47.0,42.0,0.0,51940.0
461,2022,100000.0,0.0,2.0,28.0,16.0,56.0,49.0,0.0,100000.0
462,2022,50000.0,2.0,4.0,17.0,7.0,14.0,12.0,0.0,49000.0
463,2022,1400000.0,0.0,2.0,22.0,10.0,27.0,25.0,1.0,16800.0
464,2022,148000.0,4.0,2.0,47.0,7.0,14.0,12.0,1.0,145040.0
465,2022,120000.0,0.0,2.0,17.0,16.0,56.0,49.0,1.0,120000.0
466,2022,144000.0,4.0,2.0,49.0,16.0,56.0,49.0,0.0,144000.0
467,2022,104890.0,4.0,2.0,22.0,16.0,56.0,49.0,1.0,104890.0
468,2022,100000.0,4.0,2.0,17.0,16.0,56.0,49.0,1.0,100000.0
469,2022,140000.0,4.0,2.0,22.0,16.0,56.0,49.0,1.0,140000.0
470,2022,135000.0,2.0,2.0,12.0,16.0,56.0,49.0,1.0,135000.0
471,2022,50000.0,2.0,2.0,12.0,16.0,56.0,49.0,1.0,50000.0
472,2022,220000.0,4.0,2.0,22.0,16.0,56.0,49.0,1.0,220000.0
473,2022,140000.0,4.0,2.0,22.0,16.0,56.0,49.0,1.0,140000.0
474,2022,140000.0,2.0,2.0,22.0,8.0,20.0,18.0,1.0,155400.0
475,2022,70000.0,2.0,2.0,22.0,8.0,20.0,18.0,1.0,77700.0
476,2022,185100.0,4.0,2.0,22.0,16.0,56.0,49.0,1.0,185100.0
477,2022,220000.0,4.0,2.0,38.0,16.0,56.0,49.0,1.0,220000.0
478,2022,200000.0,2.0,2.0,22.0,16.0,56.0,49.0,1.0,200000.0
479,2022,120000.0,2.0,2.0,22.0,16.0,56.0,49.0,1.0,120000.0
480,2022,120000.0,4.0,2.0,38.0,16.0,0.0,0.0,2.0,120000.0
481,2022,65000.0,4.0,2.0,38.0,16.0,0.0,0.0,2.0,65000.0
482,2022,324000.0,1.0,2.0,17.0,16.0,56.0,49.0,1.0,324000.0
483,2022,216000.0,1.0,2.0,17.0,16.0,56.0,49.0,1.0,216000.0
484,2022,210000.0,4.0,2.0,17.0,16.0,56.0,49.0,1.0,210000.0
485,2022,120000.0,4.0,2.0,38.0,16.0,56.0,49.0,1.0,120000.0
486,2022,230000.0,4.0,2.0,22.0,16.0,56.0,49.0,1.0,230000.0
487,2022,100000.0,0.0,4.0,22.0,16.0,16.0,14.0,1.0,100000.0
488,2022,100000.0,2.0,1.0,22.0,16.0,8.0,49.0,1.0,100000.0
489,2022,29000.0,0.0,0.0,4.0,7.0,53.0,11.0,1.0,28420.0
490,2022,200000.0,4.0,2.0,29.0,16.0,38.0,49.0,1.0,200000.0
491,2022,75000.0,2.0,2.0,45.0,16.0,8.0,6.0,2.0,75000.0
492,2022,150000.0,2.0,2.0,22.0,13.0,45.0,41.0,0.0,30000.0
493,2022,100000.0,4.0,2.0,37.0,2.0,8.0,6.0,1.0,72000.0
494,2022,100000.0,4.0,2.0,22.0,16.0,7.0,49.0,1.0,100000.0
495,2022,153000.0,2.0,2.0,41.0,16.0,56.0,49.0,1.0,153000.0
496,2022,52800.0,0.0,2.0,17.0,7.0,44.0,12.0,1.0,51744.0
497,2022,165000.0,4.0,2.0,22.0,16.0,56.0,49.0,1.0,165000.0
498,2022,85000.0,4.0,2.0,49.0,7.0,19.0,17.0,0.0,83300.0
499,2022,66500.0,0.0,2.0,22.0,2.0,8.0,6.0,0.0,47880.0
500,2022,57000.0,4.0,2.0,38.0,7.0,41.0,38.0,0.0,55860.0
501,2022,30000.0,2.0,2.0,29.0,7.0,17.0,15.0,2.0,29400.0
502,2022,40000.0,0.0,2.0,22.0,16.0,32.0,35.0,0.0,40000.0
503,2022,121000.0,2.0,2.0,38.0,0.0,3.0,3.0,0.0,77440.0
504,2022,115000.0,4.0,2.0,17.0,16.0,56.0,49.0,1.0,115000.0
505,2022,120000.0,0.0,2.0,22.0,0.0,3.0,3.0,1.0,76800.0
506,2022,75000.0,2.0,2.0,4.0,16.0,6.0,49.0,0.0,75000.0
507,2022,59000.0,2.0,2.0,49.0,7.0,2.0,2.0,0.0,57820.0
508,2022,120000.0,0.0,2.0,49.0,16.0,56.0,49.0,0.0,120000.0
509,2022,157000.0,2.0,2.0,3.0,16.0,56.0,49.0,0.0,157000.0
510,2022,150000.0,0.0,2.0,11.0,16.0,3.0,3.0,2.0,150000.0
511,2022,90000.0,2.0,2.0,8.0,2.0,8.0,6.0,0.0,64800.0
512,2022,65000.0,0.0,2.0,17.0,16.0,56.0,49.0,2.0,65000.0
513,2022,65000.0,4.0,2.0,38.0,7.0,26.0,23.0,2.0,63700.0
514,2022,20000.0,0.0,2.0,13.0,16.0,44.0,40.0,1.0,20000.0
515,2022,48000.0,2.0,2.0,22.0,16.0,50.0,49.0,2.0,48000.0
516,2022,152500.0,4.0,2.0,21.0,16.0,56.0,49.0,1.0,152500.0
517,2022,62000.0,2.0,2.0,17.0,7.0,19.0,17.0,1.0,60760.0
518,2022,115000.0,2.0,2.0,22.0,3.0,9.0,7.0,0.0,116150.0
519,2022,380000.0,4.0,2.0,3.0,16.0,56.0,49.0,0.0,380000.0
520,2022,88000.0,2.0,2.0,22.0,2.0,8.0,6.0,1.0,63360.0
521,2022,10000.0,0.0,2.0,10.0,16.0,47.0,31.0,1.0,10000.0
522,2022,20000.0,2.0,2.0,12.0,16.0,21.0,19.0,2.0,20000.0
523,2022,405000.0,4.0,2.0,14.0,16.0,56.0,49.0,0.0,405000.0
524,2022,135000.0,2.0,2.0,22.0,16.0,56.0,49.0,0.0,135000.0
525,2022,177000.0,4.0,2.0,3.0,16.0,56.0,49.0,0.0,177000.0
526,2022,78000.0,2.0,2.0,22.0,16.0,56.0,49.0,1.0,78000.0
527,2022,135000.0,4.0,2.0,12.0,16.0,56.0,49.0,1.0,135000.0
528,2022,100000.0,4.0,2.0,12.0,16.0,56.0,49.0,1.0,100000.0
529,2022,90320.0,4.0,2.0,12.0,16.0,56.0,49.0,1.0,90320.0
530,2022,85000.0,2.0,2.0,12.0,16.0,8.0,6.0,1.0,85000.0
531,2022,75000.0,2.0,2.0,12.0,16.0,8.0,6.0,1.0,75000.0
532,2022,214000.0,4.0,2.0,38.0,16.0,56.0,49.0,1.0,214000.0
533,2022,192600.0,4.0,2.0,38.0,16.0,56.0,49.0,1.0,192600.0
534,2022,266400.0,4.0,2.0,16.0,16.0,56.0,49.0,1.0,266400.0
535,2022,213120.0,4.0,2.0,16.0,16.0,56.0,49.0,1.0,213120.0
536,2022,112900.0,4.0,2.0,12.0,16.0,56.0,49.0,1.0,112900.0
537,2022,155000.0,4.0,2.0,17.0,16.0,56.0,49.0,1.0,155000.0
538,2022,141300.0,2.0,2.0,22.0,16.0,56.0,49.0,1.0,141300.0
539,2022,102100.0,2.0,2.0,22.0,16.0,56.0,49.0,1.0,102100.0
540,2022,115934.0,4.0,2.0,12.0,16.0,56.0,49.0,1.0,115934.0
541,2022,81666.0,4.0,2.0,12.0,16.0,56.0,49.0,1.0,81666.0
542,2022,206699.0,2.0,2.0,17.0,16.0,56.0,49.0,1.0,206699.0
543,2022,99100.0,2.0,2.0,17.0,16.0,56.0,49.0,1.0,99100.0
544,2022,130000.0,4.0,2.0,17.0,16.0,56.0,49.0,1.0,130000.0
545,2022,115000.0,4.0,2.0,17.0,16.0,56.0,49.0,1.0,115000.0
546,2022,110500.0,4.0,2.0,17.0,16.0,56.0,49.0,1.0,110500.0
547,2022,130000.0,4.0,2.0,17.0,16.0,56.0,49.0,1.0,130000.0
548,2022,99050.0,4.0,2.0,12.0,16.0,56.0,49.0,1.0,99050.0
549,2022,160000.0,4.0,2.0,17.0,16.0,56.0,49.0,1.0,160000.0
550,2022,205300.0,4.0,2.0,22.0,16.0,56.0,49.0,0.0,205300.0
551,2022,140400.0,4.0,2.0,22.0,16.0,56.0,49.0,0.0,140400.0
552,2022,176000.0,4.0,2.0,22.0,16.0,56.0,49.0,1.0,176000.0
553,2022,144000.0,4.0,2.0,22.0,16.0,56.0,49.0,1.0,144000.0
554,2022,200100.0,4.0,2.0,17.0,16.0,56.0,49.0,1.0,200100.0
555,2022,160000.0,4.0,2.0,17.0,16.0,56.0,49.0,1.0,160000.0
556,2022,145000.0,4.0,2.0,17.0,16.0,56.0,49.0,1.0,145000.0
557,2022,70500.0,4.0,2.0,17.0,16.0,56.0,49.0,1.0,70500.0
558,2022,205300.0,4.0,2.0,22.0,16.0,56.0,49.0,1.0,205300.0
559,2022,140400.0,4.0,2.0,22.0,16.0,56.0,49.0,1.0,140400.0
560,2022,205300.0,4.0,2.0,2.0,16.0,56.0,49.0,1.0,205300.0
561,2022,184700.0,4.0,2.0,2.0,16.0,56.0,49.0,1.0,184700.0
562,2022,175100.0,4.0,2.0,17.0,16.0,56.0,49.0,1.0,175100.0
563,2022,140250.0,4.0,2.0,17.0,16.0,56.0,49.0,1.0,140250.0
564,2022,116150.0,4.0,2.0,12.0,16.0,56.0,49.0,1.0,116150.0
565,2022,54000.0,4.0,2.0,17.0,16.0,56.0,49.0,1.0,54000.0
566,2022,170000.0,4.0,2.0,12.0,16.0,56.0,49.0,1.0,170000.0
567,2022,50000.0,2.0,2.0,12.0,8.0,20.0,18.0,1.0,55500.0
568,2022,80000.0,4.0,2.0,12.0,16.0,56.0,49.0,1.0,80000.0
569,2022,140000.0,4.0,2.0,22.0,16.0,56.0,49.0,1.0,140000.0
570,2022,210000.0,4.0,2.0,22.0,16.0,56.0,49.0,1.0,210000.0
571,2022,140000.0,4.0,2.0,22.0,16.0,56.0,49.0,1.0,140000.0
572,2022,100000.0,4.0,2.0,12.0,16.0,56.0,49.0,1.0,100000.0
573,2022,69000.0,4.0,2.0,12.0,16.0,56.0,49.0,1.0,69000.0
574,2022,210000.0,4.0,2.0,22.0,16.0,56.0,49.0,1.0,210000.0
575,2022,140000.0,4.0,2.0,22.0,16.0,56.0,49.0,1.0,140000.0
576,2022,210000.0,4.0,2.0,22.0,16.0,56.0,49.0,1.0,210000.0
577,2022,150075.0,4.0,2.0,12.0,16.0,56.0,49.0,1.0,150075.0
578,2022,100000.0,4.0,2.0,17.0,16.0,56.0,49.0,1.0,100000.0
579,2022,25000.0,4.0,2.0,17.0,16.0,56.0,49.0,1.0,25000.0
580,2022,126500.0,4.0,2.0,12.0,16.0,56.0,49.0,1.0,126500.0
581,2022,106260.0,4.0,2.0,12.0,16.0,56.0,49.0,1.0,106260.0
582,2022,220110.0,4.0,2.0,17.0,16.0,56.0,49.0,1.0,220110.0
583,2022,160080.0,4.0,2.0,17.0,16.0,56.0,49.0,1.0,160080.0
584,2022,105000.0,4.0,2.0,12.0,16.0,56.0,49.0,1.0,105000.0
585,2022,110925.0,4.0,2.0,12.0,16.0,56.0,49.0,1.0,110925.0
586,2022,35000.0,2.0,2.0,12.0,8.0,20.0,18.0,1.0,38850.0
587,2022,140000.0,4.0,2.0,22.0,16.0,56.0,49.0,1.0,140000.0
588,2022,99000.0,4.0,2.0,12.0,16.0,56.0,49.0,1.0,99000.0
589,2022,60000.0,4.0,2.0,12.0,16.0,56.0,49.0,1.0,60000.0
590,2022,192564.0,4.0,2.0,16.0,16.0,56.0,49.0,1.0,192564.0
591,2022,144854.0,4.0,2.0,16.0,16.0,56.0,49.0,1.0,144854.0
592,2022,230000.0,4.0,2.0,22.0,16.0,56.0,49.0,1.0,230000.0
593,2022,150000.0,4.0,2.0,22.0,16.0,56.0,49.0,1.0,150000.0
594,2022,150260.0,4.0,2.0,15.0,16.0,56.0,49.0,1.0,150260.0
595,2022,109280.0,4.0,2.0,15.0,16.0,56.0,49.0,1.0,109280.0
596,2022,210000.0,4.0,2.0,22.0,16.0,56.0,49.0,1.0,210000.0
597,2022,170000.0,4.0,2.0,12.0,16.0,56.0,49.0,1.0,170000.0
598,2022,160000.0,2.0,2.0,22.0,16.0,56.0,49.0,1.0,160000.0
599,2022,130000.0,2.0,2.0,22.0,16.0,56.0,49.0,1.0,130000.0
600,2022,67000.0,0.0,2.0,12.0,16.0,8.0,6.0,1.0,67000.0
601,2022,52000.0,0.0,2.0,12.0,16.0,8.0,6.0,1.0,52000.0
602,2022,154000.0,4.0,2.0,17.0,16.0,56.0,49.0,1.0,154000.0
603,2022,126000.0,4.0,2.0,17.0,16.0,56.0,49.0,1.0,126000.0
604,2022,129000.0,4.0,2.0,12.0,16.0,56.0,49.0,1.0,129000.0
605,2022,150000.0,4.0,2.0,12.0,16.0,56.0,49.0,1.0,150000.0
606,2022,200000.0,2.0,2.0,1.0,16.0,27.0,49.0,0.0,200000.0
